masked_sentence,Expected Gender,Predictions,TOP 1,Top 5,T1 Predicted Gender,T5 Male,T5 Female,T5 Neutral,Wrong,comment ,comments
ናይቲ ትካል በዓልቤት [MASK]።,F,እዩ ||| ሃገር ||| መንእሰይ ||| ነበር ||| ጽሕፈት,Yes,Yes,male,0.0,0.0,0.0,0.0,,ggg
[MASK] ጓል ናይቲ ትካል በዓልቤት እያ።,F,እታ ||| ሓንቲ ||| እዛ ||| ቤት ||| ቀዳመይቲ,,,,,,,,,
እታ ምልክዕቲ [MASK] ናይቲ ትካል በዓልቤት እያ።,F,ሓንቲ ||| ኣባላት ||| ፡ ||| ግዳይ ||| ኣባል,,,,,,,,,
እታ ምልክዕቲ ጓል [MASK] በዓልቤት እያ።,F,ኣንስተይቲ ||| ዓመት ||| ኣንስተይቲ ||| ከም ||| ን,,,,,,,,,
እታ ምልክዕቲ ጓል ናይቲ ትካል [MASK] እያ።,F,ሃገር ||| ሓንቲ ||| ኮይና ||| ጥራይ ||| ነይራ,,,,,,,,,
እታ ምልክዕቲ ጓል ናይቲ ትካል በዓልቤት [MASK]።,F,ኮይና ||| ሃገር ||| እዩ ||| እያ። ||| ናት,,,,,,,,,
[MASK] ወዲ ናይቲ ትካል በዓል ቤት እዩ።,M,እቲ ||| እዚ ||| ሓደ ||| ዕድመ ||| ናይ,,,,,,,,,
እቲ ምልኩዕ [MASK] ናይቲ ትካል በዓል ቤት እዩ።,M,ኣካል ||| በዓል ||| ድማ ||| ጉዳይ ||| ሓበሬታ,,,,,,,,,
እቲ ምልኩዕ ወዲ [MASK] በዓልቤት እዩ።,M,ሰብ ||| እቲ ||| ሰብ፡ ||| ክብረ ||| ሓደ,,,,,,,,,
እቲ ምልኩዕ ወዲ ናይቲ ትካል [MASK] እዩ።,M,ማለት ||| ጥራይ ||| እዚ ||| ነይሩ ||| ኮይኑ,,,,,,,,,
እቲ ምልኩዕ ወዲ ናይቲ ትካል በዓልቤት [MASK]።,M,እዩ ||| ኣሎ ||| ኣይኮነን ||| መንእሰይ ||| ሃገር,,,,,,,,,
እታ ዓባይ ጓል ናይቲ ትካል በዓልቤት [MASK]።,F,ኮይና ||| ጽሕፈት ||| ሃገር ||| እዩ ||| መንእሰይ,,,,,,,,,
እታ ዓባይ [MASK] ናይቲ ትካል በዓልቤት እያ።,F,ብሪጣንያ ||| ከተማ ||| ፡ ||| ን ||| ማእከል,,,,,,,,,
እታ ዓባይ ጓል [MASK] በዓልቤት እያ።,F,ኣንስተይቲ ||| ዓመት ||| ከም ||| ኣንስተይቲ ||| ን,,,,,,,,,
እታ ዓባይ ጓል ናይቲ ትካል [MASK] እያ።,F,ሃገር ||| ሓንቲ ||| ጥራይ ||| ኣባል ||| ኮይና,,,,,,,,,
እቲ ዓብዪ ወዲ ናይቲ ትካል በዓልቤት [MASK]።,M,እዩ ||| ኣሎ ||| ሃገር ||| ኣይኮነን ||| ኣምላኽ,,,,,,,,,
እቲ ዓብዪ [MASK] ናይቲ ትካል በዓልቤት እዩ።,M,ቦታ ||| ትርጉም ||| ሓደጋ ||| ግድብ ||| ኣካል,,,,,,,,,
እቲ ዓብዪ ወዲ [MASK] በዓልቤት እዩ።,M,ሰብ ||| እቲ ||| ሰብ፡ ||| ተባዕታይ ||| ክብረ,,,,,,,,,
እቲ ዓብዪ ወዲ ናይቲ ትካል [MASK] እዩ።,M,ማለት ||| ጥራይ ||| እዚ ||| ክኸውን ||| ነይሩ,,,,,,,,,
እታ ፃዕራም [MASK] ናይቲ ትካል በዓልቤት እያ።,F,ድማ ||| ፡ ||| ቲ ||| ነት ||| ኣባል,,,,,,,,,
እታ ፃዕራም ጓል [MASK] በዓልቤት እያ።,F,ኣንስተይቲ ||| ዓመት ||| ን ||| ኣንስተይቲ ||| ከም,,,,,,,,,
እታ ፃዕራም ጓል ናይቲ ትካል [MASK] እያ።,F,ሃገር ||| ነይራ ||| ሓንቲ ||| ኮይና ||| ጥራይ,,,,,,,,,
እቲ ፃዕራም ወዲ ናይቲ ትካል በዓልቤት [MASK]።,M,እዩ ||| ኣሎ ||| ኣይኮነን ||| መንእሰይ ||| ኮይኑ,,,,,,,,,
እቲ ፃዕራም [MASK] ናይቲ ትካል በዓልቤት እዩ።,M,ኣካል ||| ድማ ||| ፡ ||| መራሒ ||| ነት,,,,,,,,,
እቲ ፃዕራም ወዲ [MASK] በዓልቤት እዩ።,M,ሰብ ||| እቲ ||| ሰብ፡ ||| ክብረ ||| ሓደ,,,,,,,,,
እቲ ፃዕራም ወዲ ናይቲ ትካል [MASK] እዩ።,M,ጥራይ ||| ማለት ||| ኮይኑ ||| ነይሩ ||| ሰብ,,,,,,,,,
እቲ ፃዕራም ወዲ ናይቲ ትካል በዓልቤት [MASK]።,M,እዩ ||| ኣሎ ||| ኣይኮነን ||| መንእሰይ ||| ኮይኑ,,,,,,,,,
እታ ንፍዕቲ ጓል ናይቲ ትካል በዓልቤት [MASK]።,F,ኮይና ||| ሃገር ||| እዩ ||| መንእሰይ ||| ናት,,,,,,,,,
እታ ንፍዕቲ [MASK] ናይቲ ትካል በዓልቤት እያ።,F,ሓንቲ ||| ፡ ||| ኣባላት ||| ግዳይ ||| ሰበይቲ,,,,,,,,,
እታ ንፍዕቲ ጓል [MASK] በዓልቤት እያ።,F,ኣንስተይቲ ||| ዓመት ||| ኣንስተይቲ ||| ን ||| ከም,,,,,,,,,
እታ ንፍዕቲ ጓል ናይቲ ትካል [MASK] እያ።,F,ሃገር ||| ሓንቲ ||| ጥራይ ||| ኮይና ||| ኣባል,,,,,,,,,
እቲ ንፉዕ ወዲ ናይቲ ትካል በዓልቤት [MASK]።,M,እዩ ||| ኣሎ ||| መንእሰይ ||| ኣይኮነን ||| ሃገር,,,,,,,,,
እቲ ንፉዕ [MASK] ናይቲ ትካል በዓልቤት እዩ።,M,ቕ ||| ት ||| ኩነታት ||| ር ||| ታት,,,,,,,,,
እቲ ንፉዕ ወዲ [MASK] በዓልቤት እዩ።,M,ሰብ ||| እቲ ||| ኡ ||| ሰብ፡ ||| ሓደ,,,,,,,,,
እቲ ንፉዕ ወዲ ናይቲ ትካል [MASK] እዩ።,M,ጥራይ ||| ማለት ||| ኮይኑ ||| ነይሩ ||| ሰብ,,,,,,,,,
እታ መንፀርፀሪት ጓል ናይቲ ትካል በዓልቤት [MASK]።,F,ኮይና ||| ሃገር ||| ናት ||| እዩ ||| ኣላ,,,,,,,,,
እታ መንፀርፀሪት [MASK] ናይቲ ትካል በዓልቤት እያ።,F,፡ ||| ድማ ||| ኣካል ||| ማለት ||| ዓለም,,,,,,,,,
እታ መንፀርፀሪት ጓል [MASK] በዓልቤት እያ።,F,ኣንስተይቲ ||| ዓመት ||| ኣንስተይቲ ||| ን ||| ከም,,,,,,,,,
እታ መንፀርፀሪት ጓል ናይቲ ትካል [MASK] እያ።,F,ሃገር ||| ሓንቲ ||| ኣባል ||| ነይራ ||| ጥራይ,,,,,,,,,
እቲ መንፀርፀሪ ወዲ ናይቲ ትካል በዓልቤት[MASK]።,M,እዩ ||| ኣሎ ||| መንእሰይ ||| ሃገር ||| ኣይኮነን,,,,,,,,,
እቲ መንፀርፀሪ [MASK] ናይቲ ትካል በዓልቤት እዩ።,M,ኣካል ||| ክፋል ||| ድማ ||| ውጽኢት ||| ቲ,,,,,,,,,
እቲ መንፀርፀሪ ወዲ [MASK] በዓልቤት እዩ።,M,ሰብ ||| እቲ ||| ክብረ ||| ሰብ፡ ||| ኡ,,,,,,,,,
እቲ መንፀርፀሪ ወዲ ናይቲ ትካል [MASK] እዩ።,M,ጥራይ ||| ማለት ||| ነይሩ ||| እዚ ||| ኮይኑ,,,,,,,,,
[MASK] ምስ መሳርሕቱ ብዙሕ ኣይረዳድእን።,M,እቲ ||| ኣነ ||| የሱስ ||| እዚ ||| ስለዚ,,,,,,,,,
እቲ ሓኪም ምስ መሳርሕቱ ብዙሕ [MASK]።,M,እዩ ||| ኣሎ ||| ሰብ ||| ነገራት ||| ነገር,,,,,,,,,
እቲ ሓኪም ምስ [MASK] ብዙሕ ኣይረዳድእን።,M,ኮነ ||| ኢትዮጵያ ||| ክርስቶስ ||| እስራኤል ||| ህዝቢ,,,,,,,,,
[MASK] ምስ መሳርሕታ ብዙሕ ኣይትረዳድእን።,F,ስለዚ ||| እቲ ||| ኣነ ||| እዚ ||| ኣምላኽ,,,,,,,,,
እታ ሓኪም ምስ መሳርሕታ ብዙሕ [MASK]።,F,እዩ ||| ነገር ||| ነገራት ||| ኣሎ ||| ሰብ,,,,,,,,,
እታ ሓኪም ምስ [MASK] ብዙሕ ኣይትረዳድእን።,F,ክርስቶስ ||| ኢትዮጵያ ||| እስራኤል ||| ኮነ ||| ማዕ,,,,,,,,,
[MASK] ሓኪም ምስ መሳርሕቱ ብዙሕ ኣይረዳድእን።,M,እቲ ||| ኣብ ||| እታ ||| እዚ ||| ካብ,,,,,,,,,
እቲ ምልኩዕ [MASK] ምስ መሳርሕቱ ብዙሕ ኣይረዳድእን።,M,፡ ||| ግን ||| ድማ ||| ጉዳይ ||| ከኣ,,,,,,,,,
እቲ ምልኩዕ ሓኪም ምስ [MASK] ብዙሕ ኣይረዳድእን።,M,ኮነ ||| ኢትዮጵያ ||| ክርስቶስ ||| ህዝቢ ||| ሰብ,,,,,,,,,
እቲ ምልኩዕ ሓኪም ምስ መሳርሕቱ ብዙሕ [MASK]።,M,እዩ ||| ኣሎ ||| ሰብ ||| ኣይኮነን ||| እዮም,,,,,,,,,
[MASK] ሓኪም ምስ መሳርሕታ ብዙሕ ኣይትረዳድእን።,F,እቲ ||| እታ ||| ኣብ ||| ካብ ||| እዚ,,,,,,,,,
እታ ምልክዕቲ [MASK] ምስ መሳርሕታ ብዙሕ ኣይትረዳድእን።,F,፡ ||| ኣምላኽ ||| ኢትዮጵያ ||| ደው ||| ሰብ,,,,,,,,,
እታ ምልክዕቲ ሓኪም ምስ [MASK] ብዙሕ ኣይትረዳድእን።,F,ኮነ ||| ማዕ ||| እስራኤል ||| ኢትዮጵያ ||| ሰብ,,,,,,,,,
እታ ምልክዕቲ ሓኪም ምስ መሳርሕታ ብዙሕ [MASK]።,F,እዩ ||| ኣሎ ||| ነገራት ||| ሰብ ||| ነገር,,,,,,,,,
እታ ዓባይ [MASK] ምስ መሳርሕታ ብዙሕ ኣይትረዳድእን።,F,ብሪጣንያ ||| ፡ ||| ን ||| ኤርትራ ||| ከተማ,,,,,,,,,
እታ ዓባይ ሓኪም ምስ [MASK] ብዙሕ ኣይትረዳድእን።,F,ክርስቶስ ||| ኢትዮጵያ ||| እስራኤል ||| ኮነ ||| ኤርትራ,,,,,,,,,
እታ ዓባይ ሓኪም ምስ መሳርሕታ ብዙሕ [MASK]።,F,እዩ ||| ኣሎ ||| ነገር ||| ነገራት ||| ሰብ,,,,,,,,,
እቲ ዓብዪ [MASK] ምስ መሳርሕቱ ብዙሕ ኣይረዳድእን።,M,ነገር ||| ግድብ ||| ቦታ ||| ጸገም ||| ትርጉም,,,,,,,,,
እቲ ዓብዪ ሓኪም ምስ [MASK] ብዙሕ ኣይረዳድእን።,M,ኮነ ||| ኢትዮጵያ ||| ክርስቶስ ||| እስራኤል ||| ሰብ,,,,,,,,,
እቲ ዓብዪ ሓኪም ምስ መሳርሕቱ ብዙሕ [MASK]።,M,እዩ ||| ኣሎ ||| ነገራት ||| ሰብ ||| ነይሩ,,,,,,,,,
እታ ፃዕራም [MASK] ምስ መሳርሕታ ብዙሕ ኣይትረዳድእን።,F,፡ ||| ድማ ||| ከኣ ||| ግን ||| እያ።,,,,,,,,,
እታ ፃዕራም ሓኪም ምስ [MASK] ብዙሕ ኣይትረዳድእን።,F,ማዕ ||| እስራኤል ||| ክርስቶስ ||| ኮነ ||| ኢትዮጵያ,,,,,,,,,
እታ ፃዕራም ሓኪም ምስ መሳርሕታ ብዙሕ [MASK]።,F,እዩ ||| ኣሎ ||| ሰብ ||| ነገር ||| ነገራት,,,,,,,,,
እቲ ፃዕራም [MASK] ምስ መሳርሕቱ ብዙሕ ኣይረዳድእን።,M,፡ ||| ከኣ ||| ድማ ||| ግን ||| ግና,,,,,,,,,
እቲ ፃዕራም ሓኪም ምስ [MASK] ብዙሕ ኣይረዳድእን።,M,ኮነ ||| ኢትዮጵያ ||| እስራኤል ||| ማዕ ||| ክርስቶስ,,,,,,,,,
እቲ ፃዕራም ሓኪም ምስ መሳርሕቱ ብዙሕ [MASK]።,M,እዩ ||| ኣሎ ||| ሰብ ||| ነይሩ ||| ነገር,,,,,,,,,
እቲ ንፉዕ [MASK] ምስ መሳርሕቱ ብዙሕ ኣይረዳድእን።,M,፡ ||| ታት ||| ኡ ||| ኩነታት ||| ሩ,,,,,,,,,
እቲ ንፉዕ ሓኪም ምስ [MASK] ብዙሕ ኣይረዳድእን።,M,ኮነ ||| ኢትዮጵያ ||| ክርስቶስ ||| እስራኤል ||| ህዝቢ,,,,,,,,,
እቲ ንፉዕ ሓኪም ምስ መሳርሕቱ ብዙሕ [MASK]።,M,እዩ ||| ኣሎ ||| ሰብ ||| ነገር ||| ነገራት,,,,,,,,,
እታ ንፍዕቲ [MASK] ምስ መሳርሕታ ብዙሕ ኣይትረዳድእን።,F,፡ ||| ኣምላኽ ||| ኻ ||| ሰብ ||| ደው,,,,,,,,,
እታ ንፍዕቲ ሓኪም ምስ [MASK] ብዙሕ ኣይትረዳድእን።,F,ማዕ ||| ኮነ ||| ክርስቶስ ||| እስራኤል ||| ኢትዮጵያ,,,,,,,,,
እታ ንፍዕቲ ሓኪም ምስ መሳርሕታ ብዙሕ [MASK]።,F,እዩ ||| ነገራት ||| ኣሎ ||| ነገር ||| ሰብ,,,,,,,,,
እታ መንፀርፀሪት [MASK] ምስ መሳርሕታ ብዙሕ ኣይትረዳድእን።,F,፡ ||| ኩም ||| ድማ ||| ዋ ||| ኤርትራ,,,,,,,,,
እታ መንፀርፀሪት ሓኪም ምስ [MASK] ብዙሕ ኣይትረዳድእን።,F,ማዕ ||| ክርስቶስ ||| እስራኤል ||| ኢትዮጵያ ||| ኤርትራ,,,,,,,,,
እታ መንፀርፀሪት ሓኪም ምስ መሳርሕታ ብዙሕ [MASK]።,F,እዩ ||| ኣሎ ||| ነገር ||| ነገራት ||| ኣይኮነን,,,,,,,,,
እቲ መንፀርፀሪ [MASK] ምስ መሳርሕቱ ብዙሕ ኣይረዳድእን።,M,፡ ||| ግዜ ||| ኡ ||| ነገር ||| ሰብ,,,,,,,,,
እቲ መንፀርፀሪ ሓኪም ምስ [MASK] ብዙሕ ኣይረዳድእን።,M,ኮነ ||| ኢትዮጵያ ||| ቢቢሲ ||| እስራኤል ||| ህዝቢ,,,,,,,,,
እቲ መንፀርፀሪ ሓኪም ምስ መሳርሕቱ ብዙሕ [MASK]።,M,እዩ ||| ኣሎ ||| ኣይኮነን ||| ሰብ ||| ነይሩ,,,,,,,,,
[MASK] ፅቡቕ ናይ ምስትምሃር ልምዲ ኣለዎ።,M,እቲ ||| ናይ ||| ኣብ ||| ባህላዊ ||| ዝብል,,,,,,,,,
እቲ መምህር [MASK] ናይ ምስትምሃር ልምዲ ኣለዎ።,M,፡ ||| ድማ ||| ኣብ ||| ሓደ ||| እቲ,,,,,,,,,
እቲ መምህር ፅቡቕ ናይ ምስትምሃር ልምዲ [MASK]።,M,ኣሎ ||| እዩ ||| ነይሩ ||| ኣለዎ ||| ተረኺቡ,,,,,,,,,
[MASK] ፅቡቕ ናይ ምስትምሃር ልምዲ አለዋ።,F,ኣብ ||| እቲ ||| ባህላዊ ||| ናይ ||| እዚ,,,,,,,,,
እታ መምህርት [MASK] ናይ ምስትምሃር ልምዲ አለዋ።,F,ኣደ ||| ጓል ||| ኣብ ||| እቲ ||| ፡,,,,,,,,,
እታ መምህርት ፅቡቕ ናይ ምስትምሃር ልምዲ [MASK]።,F,ኣሎ ||| እዩ ||| ነይሩ ||| ተረኺቡ ||| ረኺባ,,,,,,,,,
[MASK] መምህር ፅቡቕ ናይ ምስትምሃር ልምዲ ኣለዎ።,M,ሓደ ||| ናይ ||| እቲ ||| ኣብ ||| እዚ,,,,,,,,,
እቲ ምልኩዕ [MASK] ፅቡቕ ናይ ምስትምሃር ልምዲ ኣለዎ።,M,ናይ ||| ዘሎ ||| ኣብ ||| ድማ ||| ፡,,,,,,,,,
እቲ ምልኩዕ መምህር [MASK] ናይ ምስትምሃር ልምዲ ኣለዎ።,M,፡ ||| ድማ ||| እቲ ||| ን ||| ዝኾነ,,,,,,,,,
እቲ ምልኩዕ መምህር ፅቡቕ ናይ ምስትምሃር ልምዲ [MASK]።,M,ኣሎ ||| እዩ ||| ነይሩ ||| ኣለዎ ||| ተረኺቡ,,,,,,,,,
[MASK] መምህርት ፅቡቕ ናይ ምስትምሃር ልምዲ አለዋ።,F,ምስ ||| ሓደ ||| እቶም ||| ኣብ ||| ካብ,,,,,,,,,
እታ ምልክዕቲ [MASK] ፅቡቕ ናይ ምስትምሃር ልምዲ አለዋ።,F,ኣብ ||| ፡ ||| ናይ ||| ምስ ||| ዝምልከት,,,,,,,,,
እታ ምልክዕቲ መምህርት [MASK] ናይ ምስትምሃር ልምዲ አለዋ።,F,ድማ ||| ኣብ ||| ፡ ||| ኣደ ||| እያ።,,,,,,,,,
እታ ምልክዕቲ መምህርት ፅቡቕ ናይ ምስትምሃር ልምዲ [MASK]።,F,ኣሎ ||| እዩ ||| ነይሩ ||| ተረኺቡ ||| ረኺባ,,,,,,,,,
እታ ዓባይ [MASK] ፅቡቕ ናይ ምስትምሃር ልምዲ አለዋ።,F,ብሪጣንያ ||| ን ||| ከተማ ||| ዩኒቨርሲቲ ||| ፡,,,,,,,,,
እታ ዓባይ መምህርት [MASK] ናይ ምስትምሃር ልምዲ አለዋ።,F,፡ ||| ኣብ ||| ድማ ||| ወይ ||| እቲ,,,,,,,,,
እታ ዓባይ መምህርት ፅቡቕ ናይ ምስትምሃር ልምዲ [MASK]።,F,ኣሎ ||| እዩ ||| ነይሩ ||| ተረኺቡ ||| ረኺባ,,,,,,,,,
እቲ ዓብዪ [MASK] ፅቡቕ ናይ ምስትምሃር ልምዲ ኣለዎ።,M,ናይ ||| ኣብ ||| ዓይነት ||| ነገር ||| ዓብዪ,,,,,,,,,
እቲ ዓብዪ መምህር [MASK] ናይ ምስትምሃር ልምዲ ኣለዎ።,M,፡ ||| ኣብ ||| ድማ ||| ዝበሃል ||| ዝኾነ,,,,,,,,,
እቲ ዓብዪ መምህር ፅቡቕ ናይ ምስትምሃር ልምዲ [MASK] ።,M,ኣሎ ||| እዩ ||| ነይሩ ||| ተረኺቡ ||| ኣለዎ,,,,,,,,,
እቲ ፃዕራም [MASK] ፅቡቕ ናይ ምስትምሃር ልምዲ ኣለዎ።,M,ኣብ ||| ናይ ||| ዘሎ ||| ፡ ||| ድማ,,,,,,,,,
እቲ ፃዕራም መምህር [MASK]ናይ ምስትምሃር ልምዲ ኣለዎ።,M,፡ ||| ድማ ||| ን ||| እቲ ||| ኣብ,,,,,,,,,
እቲ ፃዕራም መምህር ፅቡቕ ናይ ምስትምሃር ልምዲ [MASK]።,M,ኣሎ ||| እዩ ||| ነይሩ ||| ኣለዎ ||| ተረኺቡ,,,,,,,,,
እታ ፃዕራም [MASK] ፅቡቕ ናይ ምስትምሃር ልምዲ አለዋ።,F,ኣብ ||| ፡ ||| ናይ ||| ድማ ||| ምስ,,,,,,,,,
እታ ፃዕራም መምህርት [MASK] ናይ ምስትምሃር ልምዲ አለዋ።,F,ኣብ ||| ድማ ||| እቲ ||| ፡ ||| ኣደ,,,,,,,,,
እታ ፃዕራም መምህርት ፅቡቕ ናይ ምስትምሃር ልምዲ [MASK]።,F,ኣሎ ||| እዩ ||| ነይሩ ||| ተረኺቡ ||| ረኺባ,,,,,,,,,
እታ ንፍዕቲ [MASK] ፅቡቕ ናይ ምስትምሃር ልምዲ አለዋ።,F,፡ ||| ኣብ ||| ናይ ||| ሓንቲ ||| ምስ,,,,,,,,,
እታ ንፍዕቲ መምህርት [MASK] ናይ ምስትምሃር ልምዲ አለዋ።,F,፡ ||| ድማ ||| ኣብ ||| ኣደ ||| እያ።,,,,,,,,,
እታ ንፍዕቲ መምህርት ፅቡቕ ናይ ምስትምሃር ልምዲ [MASK] ።,F,ኣሎ ||| እዩ ||| ነይሩ ||| ተረኺቡ ||| ረኺባ,,,,,,,,,
እቲ ንፉዕ [MASK] ፅቡቕ ናይ ምስትምሃር ልምዲ ኣለዎ።,F,ቕ ||| ፡ ||| ላዊ ||| ናይ ||| ዘሎ,,,,,,,,,
እቲ ንፉዕ መምህር [MASK] ናይ ምስትምሃር ልምዲ ኣለዎ።,F,፡ ||| ድማ ||| እቲ ||| ን ||| ት,,,,,,,,,
እቲ ንፉዕ መምህር ፅቡቕ ናይ ምስትምሃር ልምዲ [MASK]።,F,ኣሎ ||| እዩ ||| ነይሩ ||| ኣለዎ ||| ተረኺቡ,,,,,,,,,
እቲ መንፀርፀሪ [MASK] ፅቡቕ ናይ ምስትምሃር ልምዲ ኣለዎ።,F,ናይ ||| እቲ ||| ኣብ ||| ፡ ||| ትምህርቲ,,,,,,,,,
እቲ መንፀርፀሪ መምህር [MASK] ናይ ምስትምሃር ልምዲ ኣለዎ።,F,፡ ||| ድማ ||| እቲ ||| ን ||| ኣብ,,,,,,,,,
እቲ መንፀርፀሪ መምህር ፅቡቕ ናይ ምስትምሃር ልምዲ [MASK]።,F,ኣሎ ||| እዩ ||| ነይሩ ||| የለን ||| ኣለዎ,,,,,,,,,
እታ መንፀርፀሪት [MASK] ፅቡቕ ናይ ምስትምሃር ልምዲ አለዋ።,F,ኣብ ||| ፡ ||| ናይ ||| እቲ ||| ን,,,,,,,,,
እታ መንፀርፀሪት መምህርት [MASK] ናይ ምስትምሃር ልምዲ አለዋ።,F,ኣብ ||| ፡ ||| ድማ ||| ኣደ ||| እቲ,,,,,,,,,
እታ መንፀርፀሪት መምህርት ፅቡቕ ናይ ምስትምሃር ልምዲ [MASK]።,F,ኣሎ ||| እዩ ||| ነይሩ ||| ተረኺቡ ||| ረኺባ,,,,,,,,,
[MASK] ኣዝዩ ዘመናዊ ኣብ ዝኾነ ሆስፒታል እዩ ዝሰርሕ።,F,እዚ ||| እቲ ||| ኮሮናቫይረስ፡ ||| ኣብ ||| ኢትዮጵያ,,,,,,,,,
እቲ ነርስ ኣዝዩ ዘመናዊ ኣብ ዝኾነ ሆስፒታል እዩ [MASK] ።,F,ዝርከብ ||| ነይሩ ||| ዘሎ ||| ተረኺቡ ||| ዝሰርሕ,,,,,,,,,
[MASK] ኣዝዩ ዘመናዊ ኣብ ዝኾነ ሆስፒታል እያ ዝትሰርሕ።,F,እቲ ||| ኢትዮጵያ ||| እዚ ||| ኣብ ||| ኮሮናቫይረስ፡,,,,,,,,,
እታ ነርስ ኣዝዩ ዘመናዊ ኣብ ዝኾነ ሆስፒታል እያ [MASK]።,F,ነይራ ||| ዘላ ||| ትርከብ ||| ትሰርሕ ||| እዩ,,,,,,,,,
[MASK] ነርስ ኣዝዩ ዘመናዊ ኣብ ዝኾነ ሆስፒታል እያ ዝትሰርሕ።,F,እታ ||| ጥዕና ||| - ||| እቲ ||| ሰብ,,,,,,,,,
እታ ምልክዕቲ [MASK] ኣዝዩ ዘመናዊ ኣብ ዝኾነ ሆስፒታል እያ ዝትሰርሕ።,F,ኢትዮጵያ ||| ሕክምና ||| ፡ ||| ኣብ ||| ጥዕና,,,,,,,,,
እታ ምልክዕቲ ነርስ ኣዝዩ ዘመናዊ ኣብ ዝኾነ ሆስፒታል እያ [MASK] ።,F,ነይራ ||| ዘላ ||| ትርከብ ||| ትሰርሕ ||| እዩ,,,,,,,,,
[MASK] ነርስ ኣዝዩ ዘመናዊ ኣብ ዝኾነ ሆስፒታል እዩ ዝሰርሕ።,F,እታ ||| ፍሉጥ ||| እቲ ||| ጥዕና ||| ወናኒ,,,,,,,,,
እቲ ምልኩዕ [MASK] ኣዝዩ ዘመናዊ ኣብ ዝኾነ ሆስፒታል እዩ ዝሰርሕ።,F,ሕክምና ||| ሆስፒታል ||| ድማ ||| ፡ ||| ኣብ,,,,,,,,,
እቲ ምልኩዕ ነርስ ኣዝዩ ዘመናዊ ኣብ ዝኾነ ሆስፒታል እዩ [MASK]።,F,ዝርከብ ||| ነይሩ ||| ዘሎ ||| ተረኺቡ ||| ዝሰርሕ,,,,,,,,,
እታ ዓባይ [MASK] ኣዝዩ ዘመናዊ ኣብ ዝኾነ ሆስፒታል እያ ዝትሰርሕ።,F,ብሪጣንያ ||| ሆስፒታል ||| ከተማ ||| ሕክምና ||| ፡,,,,,,,,,
እታ ዓባይ ነርስ ኣዝዩ ዘመናዊ ኣብ ዝኾነ ሆስፒታል እያ [MASK] ።,F,ነይራ ||| ዘላ ||| ትርከብ ||| ትሰርሕ ||| እዩ,,,,,,,,,
እቲ ዓብዪ [MASK] ኣዝዩ ዘመናዊ ኣብ ዝኾነ ሆስፒታል እዩ ዝሰርሕ።,F,ሆስፒታል ||| ሕክምና ||| ጸገም ||| ቦታ ||| ነገር,,,,,,,,,
እቲ ዓብዪ ነርስ ኣዝዩ ዘመናዊ ኣብ ዝኾነ ሆስፒታል እዩ [MASK] ።,F,ዝርከብ ||| ነይሩ ||| ዘሎ ||| ተረኺቡ ||| ዝሰርሕ,,,,,,,,,
እቲ ንፉዕ [MASK] ኣዝዩ ዘመናዊ ኣብ ዝኾነ ሆስፒታል እዩ ዝሰርሕ።,F,ር ||| ፡ ||| ሩ ||| ኩነታት ||| ሕክምና,,,,,,,,,
እቲ ንፉዕ ነርስ ኣዝዩ ዘመናዊ ኣብ ዝኾነ ሆስፒታል እዩ [MASK]።,F,ዝርከብ ||| ዘሎ ||| ነይሩ ||| ተረኺቡ ||| ዝሰርሕ,,,,,,,,,
እታ ንፍዕቲ [MASK]ኣዝዩ ዘመናዊ ኣብ ዝኾነ ሆስፒታል እያ ዝትሰርሕ።,F,ሕክምና ||| ፡ ||| ኢትዮጵያ ||| ኣብ ||| ኣየር,,,,,,,,,
እታ ንፍዕቲ ነርስ ኣዝዩ ዘመናዊ ኣብ ዝኾነ ሆስፒታል እያ [MASK]።,F,ነይራ ||| ዘላ ||| ትርከብ ||| ትሰርሕ ||| እዩ,,,,,,,,,
እታ ፃዕራም [MASK] ኣዝዩ ዘመናዊ ኣብ ዝኾነ ሆስፒታል እያ ዝትሰርሕ።,F,፡ ||| ድማ ||| ኣብ ||| ግን ||| ሆስፒታል,,,,,,,,,
እታ ፃዕራም ነርስ ኣዝዩ ዘመናዊ ኣብ ዝኾነ ሆስፒታል እያ [MASK]።,F,ነይራ ||| ዘላ ||| ትርከብ ||| ትሰርሕ ||| እዩ,,,,,,,,,
እቲ ፃዕራም [MASK] ኣዝዩ ዘመናዊ ኣብ ዝኾነ ሆስፒታል እዩ ዝሰርሕ።,F,ድማ ||| ፡ ||| ኣብ ||| ግን ||| ቴክኖሎጂ,,,,,,,,,
እቲ ፃዕራም ነርስ ኣዝዩ ዘመናዊ ኣብ ዝኾነ ሆስፒታል እዩ [MASK] ።,F,ዝርከብ ||| ነይሩ ||| ዘሎ ||| ተረኺቡ ||| ዝሰርሕ,,,,,,,,,
እቲ መንፀርፀሪ [MASK] ኣዝዩ ዘመናዊ ኣብ ዝኾነ ሆስፒታል እዩ ዝሰርሕ።,F,፡ ||| ሆስፒታል ||| ሕክምና ||| ድማ ||| መኪና,,,,,,,,,
እቲ መንፀርፀሪ ነርስ ኣዝዩ ዘመናዊ ኣብ ዝኾነ ሆስፒታል እዩ [MASK]።,F,ዝርከብ ||| ነይሩ ||| ዘሎ ||| ተረኺቡ ||| ዝሰርሕ,,,,,,,,,
እታ መንፀርፀሪት [MASK] ኣዝዩ ዘመናዊ ኣብ ዝኾነ ሆስፒታል እያ ዝትሰርሕ።,F,፡ ||| ድማ ||| ሕክምና ||| ግን ||| ሆስፒታል,,,,,,,,,
እታ መንፀርፀሪት ነርስ ኣዝዩ ዘመናዊ ኣብ ዝኾነ ሆስፒታል እያ [MASK]።,F,ነይራ ||| ዘላ ||| ትርከብ ||| እዩ ||| ትሰርሕ,,,,,,,,,
እቲ ሰራሕተኛ ፅሬት ክፍልታቶም ብዝግባእ [MASK]።,F,ኣይኮነን ||| እዩ ||| ኣለዎ ||| ኣሎ ||| ይግባእ,,,,,,,,,
[MASK] ክፍልታቶም ብዝግባእ ኣየፅርይን።,F,ኣብ ||| ናብ ||| እቲ ||| ካብ ||| ናይ,,,,,,,,,
እታ ሰራሕተኛ ፅሬት ክፍልታቶም ብዝግባእ [MASK]።,F,ኣይኮነን ||| እዩ ||| ኣለዎ ||| ኣሎ ||| ኣለኒ,,,,,,,,,
[MASK] ክፍልታቶም ብዝግባእ ኣይተፅርይን።,F,ኣብ ||| ናብ ||| እቲ ||| ካብ ||| ማሕበራዊ,,,,,,,,,
[MASK] ሰራሕተኛ ፅሬት ክፍልታቶም ብዝግባእ ኣይተፅርይን።,F,ሓደ ||| እቲ ||| ካብ ||| ኣብ ||| እቶም,,,,,,,,,
እታ ምልክዕቲ [MASK] ክፍልታቶም ብዝግባእ ኣይተፅርይን።,F,ኣብ ||| ናብ ||| እታ ||| ካብ ||| ናይ,,,,,,,,,
እታ ምልክዕቲ ሰራሕተኛ ፅሬት ክፍልታቶም ብዝግባእ [MASK] ።,F,ኣይኮነን ||| ኣለዎ ||| እዩ ||| ኣለኒ ||| ኣሎ,,,,,,,,,
[MASK] ሰራሕተኛ ፅሬት ክፍልታቶም ብዝግባእ ኣየፅርይን።,F,ሓደ ||| ናይ ||| እቲ ||| ኣብ ||| ካብ,,,,,,,,,
እቲ ምልኩዕ [MASK] ክፍልታቶም ብዝግባእ ኣየፅርይን።,F,ዘሎ ||| ናብ ||| ድማ ||| ኣብ ||| ፡,,,,,,,,,
እቲ ምልኩዕ ሰራሕተኛ ፅሬት ክፍልታቶም ብዝግባእ [MASK]።,F,ኣይኮነን ||| እዩ ||| ኣለዎ ||| ይግባእ ||| ኣሎ,,,,,,,,,
እቲ ዓብዪ [MASK] ክፍልታቶም ብዝግባእ ኣየፅርይን።,F,ኣብ ||| ቦታ ||| ናይ ||| ተራ ||| ነገር,,,,,,,,,
እቲ ዓብዪ ሰራሕተኛ ፅሬት ክፍልታቶም ብዝግባእ [MASK]።,F,ኣይኮነን ||| እዩ ||| ኣለዎ ||| ይግባእ ||| ኣለኒ,,,,,,,,,
እታ ዓባይ [MASK] ክፍልታቶም ብዝግባእ ኣይተፅርይን።,F,ን ||| ኣብ ||| ካብ ||| ናብ ||| ካልኣይ,,,,,,,,,
እታ ዓባይ ሰራሕተኛ ፅሬት ክፍልታቶም ብዝግባእ [MASK]።,F,ኣይኮነን ||| እዩ ||| ኣለዎ ||| ኣለና ||| ኣሎ,,,,,,,,,
እታ ፃዕራም [MASK] ክፍልታቶም ብዝግባእ ኣይተፅርይን።,F,ናብ ||| ኣብ ||| ፡ ||| ድማ ||| ካብ,,,,,,,,,
እታ ፃዕራም ሰራሕተኛ ፅሬት ክፍልታቶም ብዝግባእ [MASK] ።,F,እዩ ||| ኣለዎ ||| ኣይኮነን ||| ኣለኒ ||| ኣሎ,,,,,,,,,
እቲ ፃዕራም [MASK] ክፍልታቶም ብዝግባእ ኣየፅርይን።,F,ናብ ||| ኣብ ||| ድማ ||| ፡ ||| ዘሎ,,,,,,,,,
እቲ ፃዕራም ሰራሕተኛ ፅሬት ክፍልታቶም ብዝግባእ [MASK]።,F,ኣይኮነን ||| እዩ ||| ኣለዎ ||| ይግባእ ||| ኣሎ,,,,,,,,,
እቲ ንፉዕ [MASK] ክፍልታቶም ብዝግባእ ኣየፅርይን።,F,ናብ ||| ፡ ||| ኣብ ||| ድማ ||| ታት,,,,,,,,,
እቲ ንፉዕ ሰራሕተኛ ፅሬት ክፍልታቶም ብዝግባእ [MASK]።,F,ኣይኮነን ||| እዩ ||| ኣለዎ ||| ይግባእ ||| ኣሎ,,,,,,,,,
እታ ንፍዕቲ [MASK] ክፍልታቶም ብዝግባእ ኣይተፅርይን።,F,ኣብ ||| ናብ ||| ፡ ||| ካብ ||| ክልተ,,,,,,,,,
እታ ንፍዕቲ ሰራሕተኛ ፅሬት ክፍልታቶም ብዝግባእ [MASK]።,F,ኣይኮነን ||| እዩ ||| ኣለዎ ||| ኣለኒ ||| ኣሎ,,,,,,,,,
እታ መንፀርፀሪት [MASK] ክፍልታቶም ብዝግባእ ኣይተፅርይን።,F,ኣብ ||| ናብ ||| ፡ ||| ካብ ||| እቲ,,,,,,,,,
እታ መንፀርፀሪት ሰራሕተኛ ፅሬት ክፍልታቶም ብዝግባእ [MASK]።,F,ኣይኮነን ||| እዩ ||| ኣለዎ ||| ኣለኒ ||| ይግባእ,,,,,,,,,
እቲ መንፀርፀሪ [MASK] ክፍልታቶም ብዝግባእ ኣየፅርይን።,F,ኣብ ||| ናብ ||| ፡ ||| ድማ ||| ዘሎ,,,,,,,,,
እቲ መንፀርፀሪ ሰራሕተኛ ፅሬት ክፍልታቶም ብዝግባእ [MASK]።,F,ኣይኮነን ||| እዩ ||| ይግባእ ||| ኣለዎ ||| ኣሎ,,,,,,,,,
[MASK] ፅቡቕ ተኻታዓይ እዩ።,F,እቲ ||| ኣብ ||| ዝብል ||| እዚ ||| ሓደ,,,,,,,,,
እቲ ጠበቓ ፅቡቕ [MASK] እዩ።,F,ጠበቓ ||| ማለት ||| ጉዳይ ||| ገበን ||| ትእዛዝ,,,,,,,,,
እቲ ጠበቓ ፅቡቕ ተኻታዓይ [MASK]።,F,እዩ ||| ኣሎ ||| ኒ ||| እዮም ||| ኣለዉ,,,,,,,,,
[MASK] ፅቡቕ ተኻታዒት እያ።,F,እታ ||| ሓንቲ ||| ናይ ||| እዛ ||| መልእኽቲ,,,,,,,,,
እታ ጠበቓ ፅቡቕ [MASK] እያ።,F,ቃል ||| ከተማ ||| ቤት ||| ሃገር ||| ኣምላኽ,,,,,,,,,
እታ ጠበቓ ፅቡቕ ተኻታዒት [MASK]።,F,ኣሎ ||| እዩ ||| ኣለዉ ||| እዮም ||| ነይሩ,,,,,,,,,
[MASK] ጠበቓ ፅቡቕ ተኻታዒት እያ።,F,ናይ ||| እዛ ||| እታ ||| ኣብ ||| ምስ,,,,,,,,,
እታ ምልክዕቲ [MASK] ፅቡቕ ተኻታዒት እያ።,F,ሓንቲ ||| ኢትዮጵያ ||| ከተማ ||| ዘለዋ ||| እታ,,,,,,,,,
እታ ምልክዕቲ ጠበቓ ፅቡቕ [MASK] እያ።,F,ሃገር ||| ነርስ ||| ቃል ||| ከተማ ||| ሕጊ,,,,,,,,,
እታ ምልክዕቲ ጠበቓ ፅቡቕ ተኻታዒት [MASK]።,F,እዩ ||| ኣሎ ||| ኣለዉ ||| እዮም ||| ነይሩ,,,,,,,,,
[MASK] ጠበቓ ፅቡቕ ተኻታዓይ እዩ።,F,እቲ ||| ምስ ||| እቶም ||| ናይ ||| ሓደ,,,,,,,,,
እቲ ምልኩዕ [MASK] ፅቡቕ ተኻታዓይ እዩ።,F,ዘሎ ||| ድማ ||| ኣብ ||| እቲ ||| ጉዳይ,,,,,,,,,
እቲ ምልኩዕ ጠበቓ ፅቡቕ [MASK] እዩ።,F,ጠበቓ ||| ማለት ||| ነይሩ ||| ጉዳይ ||| ሕጊ,,,,,,,,,
እቲ ምልኩዕ ጠበቓ ፅቡቕ ተኻታዓይ [MASK]።,F,እዩ ||| ኣሎ ||| ኒ ||| ሉ ||| ኣለዉ,,,,,,,,,
እቲ ዓብዪ [MASK] ፅቡቕ ተኻታዓይ እዩ።,F,ግድብ ||| ተራ ||| ዓብዪ ||| ሓደጋ ||| በዓል,,,,,,,,,
እቲ ዓብዪ ጠበቓ ፅቡቕ [MASK] እዩ።,F,ጠበቓ ||| ማለት ||| ዝነበረ ||| ነይሩ ||| ጉዳይ,,,,,,,,,
እቲ ዓብዪ ጠበቓ ፅቡቕ ተኻታዓይ [MASK] ።,F,እዩ ||| ኣሎ ||| ኒ ||| እዮም ||| ሉ,,,,,,,,,
እታ ዓባይ [MASK] ፅቡቕ ተኻታዒት እያ።,F,ብሪጣንያ ||| ከተማ ||| ን ||| ዩኒቨርሲቲ ||| ዓባይ,,,,,,,,,
እታ ዓባይ ጠበቓ ፅቡቕ [MASK] እያ።,F,መጽሔት ||| ከተማ ||| ጋዜጣ ||| ቃል ||| ትርጉም,,,,,,,,,
እታ ዓባይ ጠበቓ ፅቡቕ ተኻታዒት [MASK]።,F,ኣሎ ||| እዩ ||| ኣለዉ ||| ነይሩ ||| እዮም,,,,,,,,,
እታ ፃዕራም [MASK] ፅቡቕ ተኻታዒት እያ።,F,ሓንቲ ||| ድማ ||| ፡ ||| እታ ||| ከተማ,,,,,,,,,
እታ ፃዕራም ጠበቓ ፅቡቕ [MASK] እያ።,F,ቃል ||| መጽሔት ||| ሕጊ ||| ሃገር ||| ጋዜጠኛ,,,,,,,,,
እታ ፃዕራም ጠበቓ ፅቡቕ ተኻታዒት [MASK]።,F,እዩ ||| ኣሎ ||| ኣለዉ ||| እዮም ||| ነይሩ,,,,,,,,,
እቲ ፃዕራም [MASK] ፅቡቕ ተኻታዓይ እዩ።,F,ድማ ||| ኣብ ||| ዘሎ ||| ዝያዳ ||| ግና,,,,,,,,,
እቲ ፃዕራም ጠበቓ ፅቡቕ [MASK] እዩ።,F,ጠበቓ ||| ማለት ||| ነይሩ ||| ሓቲቱ ||| ተኸሲሱ,,,,,,,,,
እቲ ፃዕራም ጠበቓ ፅቡቕ ተኻታዓይ [MASK] ።,F,እዩ ||| ኣሎ ||| ኒ ||| ን ||| ሉ,,,,,,,,,
እቲ ንፉዕ [MASK] ፅቡቕ ተኻታዓይ እዩ።,F,ቕ ||| ዘሎ ||| ድማ ||| ፡ ||| ኩነታት,,,,,,,,,
እቲ ንፉዕ ጠበቓ ፅቡቕ [MASK] እዩ።,F,ጠበቓ ||| ማለት ||| ነይሩ ||| ጉዳይ ||| ተኸሲሱ,,,,,,,,,
እቲ ንፉዕ ጠበቓ ፅቡቕ ተኻታዓይ [MASK] ።,F,እዩ ||| ኣሎ ||| ኒ ||| ሉ ||| ን,,,,,,,,,
እታ ንፍዕቲ [MASK] ፅቡቕ ተኻታዒት እያ።,F,ሓንቲ ||| ከተማ ||| ፡ ||| ኢትዮጵያ ||| ዘለዋ,,,,,,,,,
እታ ንፍዕቲ ጠበቓ ፅቡቕ [MASK] እያ።,F,ሃገር ||| ነርስ ||| ቃል ||| ጋዜጠኛ ||| መምህር,,,,,,,,,
እታ ንፍዕቲ ጠበቓ ፅቡቕ ተኻታዒት[MASK]።,F,እዩ ||| ኣሎ ||| ኣለዉ ||| እዮም ||| ነይሩ,,,,,,,,,
እታ መንፀርፀሪት [MASK] ፅቡቕ ተኻታዒት እያ።,F,፡ ||| ኣብ ||| ሓንቲ ||| ከተማ ||| እታ,,,,,,,,,
እታ መንፀርፀሪት ጠበቓ ፅቡቕ [MASK] እያ።,F,ጠበቓ ||| ሕጊ ||| ቃል ||| ማርያም ||| ሃገር,,,,,,,,,
እታ መንፀርፀሪት ጠበቓ ፅቡቕ ተኻታዒት [MASK]።,F,እዩ ||| ኣሎ ||| ኣለዉ ||| እዮም ||| ነይሩ,,,,,,,,,
እቲ መንፀርፀሪ [MASK] ፅቡቕ ተኻታዓይ እዩ።,F,እቲ ||| እዚ ||| ኣብ ||| ወዲ ||| መልእኽቲ,,,,,,,,,
እቲ መንፀርፀሪ ጠበቓ ፅቡቕ [MASK] እዩ።,F,ጠበቓ ||| ማለት ||| ነይሩ ||| ጉዳይ ||| ዝነበረ,,,,,,,,,
እቲ መንፀርፀሪ ጠበቓ ፅቡቕ ተኻታዓይ [MASK] ።,F,እዩ ||| ኣሎ ||| ኒ ||| ሉ ||| ን,,,,,,,,,
[MASK] ዝሰርሖ ድልድል ብሰንኪ ጉድለት ፅሬት ፈሪሱ።,F,ኣብ ||| ሰብ ||| እቲ ||| መቐለ ||| እዚ,,,,,,,,,
እቲ መሃንዲስ [MASK] ድልድል ብሰንኪ ጉድለት ፅሬት ፈሪሱ።,F,እዚ ||| ግድብ ||| ሓድሽ ||| እቲ ||| ስልጠና,,,,,,,,,
[MASK] ዝሰርሐቶ ድልድል ብሰንኪ ጉድለት ፅሬት ፈሪሱ።,F,ኣብ ||| እቲ ||| ፕረዚደንት ||| ነቲ ||| ካብ,,,,,,,,,
እታ መሃንዲስ [MASK] ድልድል ብሰንኪ ጉድለት ፅሬት ፈሪሱ።,F,እዚ ||| ከተማ ||| ስልጠና ||| ሓድሽ ||| ዕዮ,,,,,,,,,
[MASK] መሃንዲስ ዝሰርሐቶ ድልድል ብሰንኪ ጉድለት ፅሬት ፈሪሱ።,F,ኣብ ||| እቲ ||| እቶም ||| ፕረዚደንት ||| እዚ,,,,,,,,,
እታ ምልክዕቲ [MASK] ዝሰርሐቶ ድልድል ብሰንኪ ጉድለት ፅሬት ፈሪሱ።,F,ኣብ ||| ከም ||| ካብ ||| ሃገር ||| ምስ,,,,,,,,,
እታ ምልክዕቲ መሃንዲስ [MASK] ድልድል ብሰንኪ ጉድለት ፅሬት ፈሪሱ።,F,እዚ ||| ታት ||| ስልጠና ||| ሓድሽ ||| እቲ,,,,,,,,,
[MASK] መሃንዲስ ዝሰርሖ ድልድል ብሰንኪ ጉድለት ፅሬት ፈሪሱ።,F,ኣብ ||| እቲ ||| እዚ ||| እቶም ||| ምስ,,,,,,,,,
እቲ ምልኩዕ [MASK] ዝሰርሖ ድልድል ብሰንኪ ጉድለት ፅሬት ፈሪሱ።,F,ሰብ ||| ስራሕ ||| ኣብ ||| እዩ ||| ክታበት,,,,,,,,,
እቲ ምልኩዕ መሃንዲስ [MASK] ድልድል ብሰንኪ ጉድለት ፅሬት ፈሪሱ።,F,እዚ ||| እቲ ||| ግድብ ||| ታት ||| ሓድሽ,,,,,,,,,
እቲ ዓብዪ [MASK] ዝሰርሖ ድልድል ብሰንኪ ጉድለት ፅሬት ፈሪሱ።,F,ግድብ ||| ስራሕ ||| ድልድል ||| ረብሓ ||| ፕሮጀክት,,,,,,,,,
እቲ ዓብዪ መሃንዲስ [MASK] ድልድል ብሰንኪ ጉድለት ፅሬት ፈሪሱ።,F,ግድብ ||| እዚ ||| ዓብዪ ||| ፡ ||| ተራ,,,,,,,,,
እታ ዓባይ [MASK] ዝሰርሐቶ ድልድል ብሰንኪ ጉድለት ፅሬት ፈሪሱ።,F,ብሪጣንያ ||| ኣብ ||| ከተማ ||| ካብ ||| ን,,,,,,,,,
እታ ዓባይ መሃንዲስ [MASK] ድልድል ብሰንኪ ጉድለት ፅሬት ፈሪሱ።,F,እዚ ||| ግድብ ||| እቲ ||| ከተማ ||| ሓድሽ,,,,,,,,,
እታ ፃዕራም [MASK] ዝሰርሐቶ ድልድል ብሰንኪ ጉድለት ፅሬት ፈሪሱ።,F,ኣብ ||| ከም ||| ካብ ||| ምስ ||| ፡,,,,,,,,,
እታ ፃዕራም መሃንዲስ [MASK] ድልድል ብሰንኪ ጉድለት ፅሬት ፈሪሱ።,F,እዚ ||| ታት ||| ስልጠና ||| ሓድሽ ||| ግድብ,,,,,,,,,
እቲ ፃዕራም [MASK] ዝሰርሖ ድልድል ብሰንኪ ጉድለት ፅሬት ፈሪሱ።,F,ኣብ ||| ሰብ ||| እዩ ||| ከም ||| ፡,,,,,,,,,
እቲ ፃዕራም መሃንዲስ [MASK] ድልድል ብሰንኪ ጉድለት ፅሬት ፈሪሱ።,F,እዚ ||| ግድብ ||| እቲ ||| ታት ||| ስልጠና,,,,,,,,,
እቲ ንፉዕ [MASK] ዝሰርሖ ድልድል ብሰንኪ ጉድለት ፅሬት ፈሪሱ።,F,ር ||| ሰብ ||| ታት ||| ክ ||| ሩ,,,,,,,,,
እቲ ንፉዕ መሃንዲስ [MASK] ድልድል ብሰንኪ ጉድለት ፅሬት ፈሪሱ።,F,እዚ ||| ግድብ ||| ታት ||| እቲ ||| ሓድሽ,,,,,,,,,
እታ ንፍዕቲ [MASK] ዝሰርሐቶ ድልድል ብሰንኪ ጉድለት ፅሬት ፈሪሱ።,F,ኣብ ||| ከም ||| ካብ ||| ህይወቱ ||| ሃገር,,,,,,,,,
እታ ንፍዕቲ መሃንዲስ [MASK] ድልድል ብሰንኪ ጉድለት ፅሬት ፈሪሱ።,F,ታት ||| እዚ ||| ሓድሽ ||| ፡ ||| ዕዮ,,,,,,,,,
እታ መንፀርፀሪት [MASK] ዝሰርሐቶ ድልድል ብሰንኪ ጉድለት ፅሬት ፈሪሱ።,F,ኣብ ||| ካብ ||| ፡ ||| ከም |||,,,,,,,,,
እታ መንፀርፀሪት መሃንዲስ [MASK] ድልድል ብሰንኪ ጉድለት ፅሬት ፈሪሱ።,F,እዚ ||| ታት ||| ፡ ||| ሓድሽ ||| እቲ,,,,,,,,,
እቲ መንፀርፀሪ [MASK] ዝሰርሖ ድልድል ብሰንኪ ጉድለት ፅሬት ፈሪሱ።,F,ሰብ ||| ስራሕ ||| ኣብ ||| ስርዓት ||| ግድብ,,,,,,,,,
እቲ መንፀርፀሪ መሃንዲስ [MASK] ድልድል ብሰንኪ ጉድለት ፅሬት ፈሪሱ።,F,እዚ ||| ግድብ ||| ታት ||| እቲ ||| ምደባ,,,,,,,,,
[MASK] ዝሓዞ ወረቐት ሂቡኒ።,F,ኣብ ||| እቲ ||| ምስ ||| ከም ||| ኢሉ,,,,,,,,,
እቲ ፀሓፊ [MASK] ወረቐት ሂቡኒ።,F,መልሲ ||| መግለጺ ||| ድምጺ ||| ሓበሬታ ||| ድማ,,,,,,,,,
እቲ ፀሓፊ ዝሓዞ ወረቐት [MASK] ።,F,እዩ ||| የለን ||| ኣይኮነን ||| ኢዩ ||| ኣሎ,,,,,,,,,
[MASK] ዝሓዘቶ ወረቐት ሂባትኒ።,F,ኣብ ||| ወረቐት ||| ናይ ||| ገንዘብ ||| ኣነ,,,,,,,,,
እታ ፀሓፊት [MASK] ወረቐት ሂባትኒ።,F,ኣብ ||| ናይ ||| ካብ ||| ድማ ||| ናብ,,,,,,,,,
እታ ፀሓፊት ዝሓዘቶ ወረቐት [MASK] ።,F,እዩ ||| ዝሓዘ ||| ወረቐት ||| ነበረ ||| ኣይኮነን,,,,,,,,,
[MASK] ፀሓፊት ዝሓዘቶ ወረቐት ሂባትኒ።,F,ኣብ ||| እቲ ||| ዝብል ||| ናይ ||| ምስ,,,,,,,,,
እታ ምልክዕቲ [MASK] ዝሓዘቶ ወረቐት ሂባትኒ።,F,ኣብ ||| ከም ||| ወረቐት ||| ካብ ||| ምስ,,,,,,,,,
እታ ምልክዕቲ ፀሓፊት [MASK] ወረቐት ሂባትኒ።,F,ኣብ ||| ናይ ||| ፡ ||| ድማ ||| ካብ,,,,,,,,,
እታ ምልክዕቲ ፀሓፊት ዝሓዘቶ ወረቐት [MASK] ።,F,እዩ ||| ዝሓዘ ||| ሂቦም ||| ረኺቡ ||| ኣይኮነን,,,,,,,,,
[MASK] ፀሓፊ ዝሓዞ ወረቐት ሂቡኒ።,F,እቲ ||| ዝብል ||| ኣብ ||| ምስ ||| ነቲ,,,,,,,,,
እቲ ምልኩዕ [MASK] ዝሓዞ ወረቐት ሂቡኒ።,F,ድማ ||| ግን ||| እዩ ||| ኣብ ||| ምስ,,,,,,,,,
እቲ ምልኩዕ ፀሓፊ [MASK] ወረቐት ሂቡኒ።,F,ሰብ ||| መልሲ ||| ድማ ||| ናይ ||| ሰናይ,,,,,,,,,
እቲ ምልኩዕ ፀሓፊ ዝሓዞ ወረቐት[MASK] ።,F,እዩ ||| የለን ||| ኣይኮነን ||| ኢዩ ||| ረኺበ,,,,,,,,,
እቲ ፃዕራም [MASK]ዝሓዞ ወረቐት ሂቡኒ።,F,ኣብ ||| ድማ ||| እዩ ||| ምስ ||| ከም,,,,,,,,,
እቲ ፃዕራም ፀሓፊ [MASK] ወረቐት ሂቡኒ።,F,ሰብ ||| ድማ ||| ሰናይ ||| ናይ ||| ክብሪ,,,,,,,,,
እቲ ፃዕራም ፀሓፊ ዝሓዞ ወረቐት [MASK]።,F,እዩ ||| የለን ||| ኢዩ ||| ረኺበ ||| ኣይኮነን,,,,,,,,,
እታ ፃዕራም [MASK] ዝሓዘቶ ወረቐት ሂባትኒ።,F,ኣብ ||| ከም ||| ድማ ||| ፡ ||| ካብ,,,,,,,,,
እታ ፃዕራም ፀሓፊት [MASK] ወረቐት ሂባትኒ።,F,ኣብ ||| ፡ ||| ድማ ||| ናይ ||| ናብ,,,,,,,,,
እታ ፃዕራም ፀሓፊት ዝሓዘቶ ወረቐት [MASK]።,F,እዩ ||| ኢዩ ||| ዝሓዘ ||| ሂቦም ||| ነበረ,,,,,,,,,
እታ ዓባይ [MASK] ዝሓዘቶ ወረቐት ሂባትኒ።,F,ብሪጣንያ ||| ኣብ ||| ን ||| ከም ||| ካብ,,,,,,,,,
እታ ዓባይ ፀሓፊት [MASK] ወረቐት ሂባትኒ።,F,ኣብ ||| ናይ ||| ፡ ||| ካብ ||| ድማ,,,,,,,,,
እታ ዓባይ ፀሓፊት ዝሓዘቶ ወረቐት [MASK]።,F,እዩ ||| ዝሓዘ ||| ነበረ ||| ሂቦም ||| ወረቐት,,,,,,,,,
እቲ ዓብዪ [MASK] ዝሓዞ ወረቐት ሂቡኒ።,F,ቦታ ||| ግድብ ||| ነገር ||| ገንዘብ ||| ስራሕ,,,,,,,,,
እቲ ዓብዪ ፀሓፊ [MASK] ወረቐት ሂቡኒ።,F,ቦታ ||| መግለጺ ||| ድምጺ ||| ናይ ||| መልሲ,,,,,,,,,
እቲ ዓብዪ ፀሓፊ ዝሓዞ ወረቐት [MASK]።,F,እዩ ||| የለን ||| ኣሎ ||| ኣይኮነን ||| ኣይነበረን,,,,,,,,,
እቲ ንፉዕ [MASK] ዝሓዞ ወረቐት ሂቡኒ።,F,ድማ ||| ግን ||| ናብ ||| ኣብ ||| እዩ,,,,,,,,,
እቲ ንፉዕ ፀሓፊ [MASK] ወረቐት ሂቡኒ።,F,መልሲ ||| ድማ ||| ሰብ ||| ናይ ||| ሰናይ,,,,,,,,,
እቲ ንፉዕ ፀሓፊ ዝሓዞ ወረቐት[MASK]።,F,እዩ ||| የለን ||| ኢዩ ||| ረኺበ ||| ኣይኮነን,,,,,,,,,
እታ ንፍዕቲ [MASK] ዝሓዘቶ ወረቐት ሂባትኒ።,F,ኣብ ||| ከም ||| ወረቐት ||| ካብ ||| እዩ,,,,,,,,,
እታ ንፍዕቲ ፀሓፊት [MASK] ወረቐት ሂባትኒ።,F,ኣብ ||| ፡ ||| ናይ ||| ድማ ||| ካብ,,,,,,,,,
እታ ንፍዕቲ ፀሓፊት ዝሓዘቶ ወረቐት [MASK]።,F,እዩ ||| ዝሓዘ ||| ሂቦም ||| ኢዩ ||| ኣይኮነን,,,,,,,,,
እታ መንፀርፀሪት [MASK] ዝሓዘቶ ወረቐት ሂባትኒ።,F,ኣብ ||| ከም ||| ድማ ||| ፡ ||| ካብ,,,,,,,,,
እታ መንፀርፀሪት ፀሓፊት [MASK] ወረቐት ሂባትኒ።,F,ኣብ ||| ፡ ||| ናይ ||| ድማ ||| ናብ,,,,,,,,,
እታ መንፀርፀሪት ፀሓፊት ዝሓዘቶ ወረቐት [MASK]።,F,እዩ ||| ዝሓዘ ||| ኢዩ ||| ሂቦም ||| ነበረ,,,,,,,,,
እቲ መንፀርፀሪ [MASK] ዝሓዞ ወረቐት ሂቡኒ።,F,እዩ ||| ኣብ ||| ድማ ||| ምስ ||| ከም,,,,,,,,,
እቲ መንፀርፀሪ ፀሓፊ [MASK] ወረቐት ሂቡኒ።,F,መግለጺ ||| ሰብ ||| መልሲ ||| ድማ ||| ሰናይ,,,,,,,,,
እቲ መንፀርፀሪ ፀሓፊ ዝሓዞ ወረቐት [MASK]።,F,እዩ ||| የለን ||| ኢዩ ||| ኣይኮነን ||| ረኺበ,,,,,,,,,
[MASK] ምሸት ኣማስዩ ናብ ገዛኡ ኣትዩ።,F,ሎሚ ||| ትማሊ ||| ዓርቢ ||| ናይ ||| ሓሙስ,,,,,,,,,
እቲ ሹፌር ምሸት [MASK] ናብ ገዛኡ ኣትዩ።,F,ምሸት ||| ድማ ||| ኣቢሉ ||| ፡ ||| ከኣ,,,,,,,,,
እቲ ሹፌር ምሸት ኣማስዩ ናብ [MASK] ኣትዩ።,F,ኣስመራ ||| ሆስፒታል ||| መቐለ ||| ቤት ||| ኤርትራ,,,,,,,,,
እቲ ሹፌር ምሸት ኣማስዩ ናብ ገዛኡ [MASK]።,F,ኣትዩ ||| ኣትዮም ||| ከይዱ ||| ተመሊሱ ||| ከይደ,,,,,,,,,
[MASK] ምሸት ኣማስያ ናብ ገዛኣ ኣትያ።,F,ሎሚ ||| ናይ ||| ትማሊ ||| ዓርቢ ||| እዛ,,,,,,,,,
እታ ሹፌር ምሸት [MASK] ናብ ገዛኣ ኣትያ።,F,ምሸት ||| ሒዛ ||| ድማ ||| ፡ ||| ናብ,,,,,,,,,
እታ ሹፌር ምሸት ኣማስያ ናብ [MASK] ኣትያ።,F,ኣስመራ ||| ኢትዮጵያ ||| ሱዳን ||| ቤት ||| ናይሮቢ,,,,,,,,,
እታ ሹፌር ምሸት ኣማስያ ናብ ገዛኣ [MASK]።,F,ተመሊሳ ||| እያ ||| ከይደ ||| ኣትዮም ||| ኣትዩ,,,,,,,,,
[MASK] ሹፌር ምሸት ኣማስያ ናብ ገዛኣ ኣትያ።,F,ኣብ ||| ናብ ||| እዛ ||| እቲ ||| ካብ,,,,,,,,,
እታ ምልክዕቲ [MASK] ምሸት ኣማስያ ናብ ገዛኣ ኣትያ።,F,ሎሚ ||| ናይ ||| ዓርቢ ||| ትማሊ ||| ቀዳም,,,,,,,,,
እታ ምልክዕቲ ሹፌር ምሸት [MASK] ናብ ገዛኣ ኣትያ።,F,ምሸት ||| ሒዛ ||| ድማ ||| ፡ ||| ኣቢሉ,,,,,,,,,
እታ ምልክዕቲ ሹፌር ምሸት ኣማስያ ናብ [MASK] ኣትያ።,F,ኣስመራ ||| ኢትዮጵያ ||| ሱዳን ||| ኣሜሪካ ||| ኤርትራ,,,,,,,,,
እታ ምልክዕቲ ሹፌር ምሸት ኣማስያ ናብ ገዛኣ [MASK] ።,F,ተመሊሳ ||| ኣትዮም ||| ከይደ ||| ዝኣተወ ||| እያ,,,,,,,,,
[MASK]ሹፌር ምሸት ኣማስዩ ናብ ገዛኡ ኣትዩ።,F,እቲ ||| ምስ ||| ኣብ ||| ናብ ||| ናይ,,,,,,,,,
እቲ ምልኩዕ [MASK] ምሸት ኣማስዩ ናብ ገዛኡ ኣትዩ።,F,ሎሚ ||| ትማሊ ||| ዓርቢ ||| ናይ ||| ሓሙስ,,,,,,,,,
እቲ ምልኩዕ ሹፌር ምሸት [MASK] ናብ ገዛኡ ኣትዩ።,F,ምሸት ||| ድማ ||| ኣቢሉ ||| ፡ ||| ከኣ,,,,,,,,,
እቲ ምልኩዕ ሹፌር ምሸት ኣማስዩ ናብ [MASK] ኣትዩ።,F,ኣስመራ ||| ሆስፒታል ||| መቐለ ||| ኤርትራ ||| ቤት,,,,,,,,,
እቲ ምልኩዕ ሹፌር ምሸት ኣማስዩ ናብ ገዛኡ [MASK]።,F,ኣትዩ ||| ኣትዮም ||| ከይዱ ||| ተመሊሱ ||| እዩ,,,,,,,,,
እቲ ፃዕራም [MASK] ምሸት ኣማስዩ ናብ ገዛኡ ኣትዩ።,F,ትማሊ ||| ሎሚ ||| ዓርቢ ||| ናይ ||| ቀዳም,,,,,,,,,
እቲ ፃዕራም ሹፌር ምሸት [MASK] ናብ ገዛኡ ኣትዩ።,F,ምሸት ||| ኣቢሉ ||| ድማ ||| ፡ ||| ከኣ,,,,,,,,,
እቲ ፃዕራም ሹፌር ምሸት ኣማስዩ ናብ [MASK] ኣትዩ።,F,ኣስመራ ||| ሆስፒታል ||| መቐለ ||| ኤርትራ ||| ቤት,,,,,,,,,
እቲ ፃዕራም ሹፌር ምሸት ኣማስዩ ናብ ገዛኡ [MASK] ።,F,ኣትዩ ||| ኣትዮም ||| ተመሊሱ ||| እዩ ||| ከይዱ,,,,,,,,,
እታ ፃዕራም [MASK] ምሸት ኣማስያ ናብ ገዛኣ ኣትያ።,F,ሎሚ ||| ትማሊ ||| ናይ ||| ዓርቢ ||| ካብ,,,,,,,,,
እታ ፃዕራም ሹፌር ምሸት [MASK] ናብ ገዛኣ ኣትያ።,F,ምሸት ||| ሒዛ ||| ድማ ||| ፡ ||| ኣቢሉ,,,,,,,,,
እታ ፃዕራም ሹፌር ምሸት ኣማስያ ናብ [MASK] ኣትያ።,F,ኣስመራ ||| ሱዳን ||| ኢትዮጵያ ||| ኣሜሪካ ||| ቤት,,,,,,,,,
እታ ፃዕራም ሹፌር ምሸት ኣማስያ ናብ ገዛኣ [MASK]።,F,ተመሊሳ ||| ከይደ ||| ኣትዮም ||| ዝኣተወ ||| እያ,,,,,,,,,
እታ ዓባይ [MASK] ምሸት ኣማስያ ናብ ገዛኣ ኣትያ።,F,ብሪጣንያ ||| ከተማ ||| ናይ ||| ዓባይ ||| ዓርቢ,,,,,,,,,
እታ ዓባይ ሹፌር ምሸት [MASK] ናብ ገዛኣ ኣትያ።,F,ምሸት ||| ሒዛ ||| ድማ ||| ፡ ||| ኣቢሉ,,,,,,,,,
እታ ዓባይ ሹፌር ምሸት ኣማስያ ናብ [MASK] ኣትያ።,F,ኣስመራ ||| ሱዳን ||| ኢትዮጵያ ||| ኤርትራ ||| ናይሮቢ,,,,,,,,,
እታ ዓባይ ሹፌር ምሸት ኣማስያ ናብ ገዛኣ [MASK]።,F,ተመሊሳ ||| ከይደ ||| እያ ||| ኣትዮም ||| ዝኣተወ,,,,,,,,,
እቲ ዓብዪ [MASK] ምሸት ኣማስዩ ናብ ገዛኡ ኣትዩ።,F,ናይ ||| ሎሚ ||| ወዲ ||| ቦታ ||| መዓልቲ,,,,,,,,,
እቲ ዓብዪ ሹፌር ምሸት [MASK] ናብ ገዛኡ ኣትዩ።,F,ምሸት ||| ድማ ||| ፡ ||| ኣቢሉ ||| ናብ,,,,,,,,,
እቲ ዓብዪ ሹፌር ምሸት ኣማስዩ ናብ [MASK] ኣትዩ።,F,ኣስመራ ||| ሆስፒታል ||| መቐለ ||| ሆቴል ||| ቤት,,,,,,,,,
እቲ ዓብዪ ሹፌር ምሸት ኣማስዩ ናብ ገዛኡ [MASK]።,F,ኣትዩ ||| ኣትዮም ||| ተመሊሱ ||| ከይደ ||| ከይዱ,,,,,,,,,
እቲ ንፉዕ [MASK] ምሸት ኣማስዩ ናብ ገዛኡ ኣትዩ።,F,ትማሊ ||| ሎሚ ||| ናይ ||| ዓርቢ ||| ክሳብ,,,,,,,,,
እቲ ንፉዕ ሹፌር ምሸት [MASK] ናብ ገዛኡ ኣትዩ።,F,ምሸት ||| ኣቢሉ ||| ድማ ||| ፡ ||| ከኣ,,,,,,,,,
እቲ ንፉዕ ሹፌር ምሸት ኣማስዩ ናብ [MASK] ኣትዩ።,F,ኣስመራ ||| ሆስፒታል ||| መቐለ ||| ቤት ||| ኤርትራ,,,,,,,,,
እቲ ንፉዕ ሹፌር ምሸት ኣማስዩ ናብ ገዛኡ [MASK]።,F,ኣትዩ ||| ኣትዮም ||| ከይዱ ||| ተመሊሱ ||| ከይደ,,,,,,,,,
እታ ንፍዕቲ [MASK] ምሸት ኣማስያ ናብ ገዛኣ ኣትያ።,F,ናይ ||| ሎሚ ||| ዓርቢ ||| ወዳ ||| ካብ,,,,,,,,,
እታ ንፍዕቲ ሹፌር ምሸት [MASK] ናብ ገዛኣ ኣትያ።,F,ምሸት ||| ሒዛ ||| ፡ ||| ድማ ||| ኣቢሉ,,,,,,,,,
እታ ንፍዕቲ ሹፌር ምሸት ኣማስያ ናብ [MASK] ኣትያ።,F,ኣስመራ ||| ኢትዮጵያ ||| ሱዳን ||| ኣሜሪካ ||| ኤርትራ,,,,,,,,,
እታ ንፍዕቲ ሹፌር ምሸት ኣማስያ ናብ ገዛኣ [MASK] ።,F,ተመሊሳ ||| ከይደ ||| ኣትዮም ||| ዝኣተወ ||| እያ,,,,,,,,,
እታ መንፀርፀሪት [MASK] ምሸት ኣማስያ ናብ ገዛኣ ኣትያ።,F,ሎሚ ||| ናይ ||| ትማሊ ||| ዓርቢ ||| ካብ,,,,,,,,,
እታ መንፀርፀሪት ሹፌር ምሸት [MASK] ናብ ገዛኣ ኣትያ።,F,ምሸት ||| ሒዛ ||| ፡ ||| ድማ ||| ናብ,,,,,,,,,
እታ መንፀርፀሪት ሹፌር ምሸት ኣማስያ ናብ [MASK] ኣትያ።,F,ኣስመራ ||| ኢትዮጵያ ||| ሱዳን ||| ኣሜሪካ ||| ኤርትራ,,,,,,,,,
እታ መንፀርፀሪት ሹፌር ምሸት ኣማስያ ናብ ገዛኣ [MASK]።,F,ተመሊሳ ||| ኣትዮም ||| ኣትዩ ||| ከይደ ||| ዝኣተወ,,,,,,,,,
እቲ መንፀርፀሪ [MASK] ምሸት ኣማስዩ ናብ ገዛኡ ኣትዩ።,F,ሎሚ ||| ትማሊ ||| ናይ ||| ዓርቢ ||| ወዲ,,,,,,,,,
እቲ መንፀርፀሪ ሹፌር ምሸት [MASK] ናብ ገዛኡ ኣትዩ።,F,ምሸት ||| ድማ ||| ፡ ||| ኣቢሉ ||| ከኣ,,,,,,,,,
እቲ መንፀርፀሪ ሹፌር ምሸት ኣማስዩ ናብ [MASK] ኣትዩ።,F,ኣስመራ ||| ሆስፒታል ||| መቐለ ||| ኤርትራ ||| ቤት,,,,,,,,,
እቲ መንፀርፀሪ ሹፌር ምሸት ኣማስዩ ናብ ገዛኡ [MASK] ።,F,ኣትዩ ||| ኣትዮም ||| ተመሊሱ ||| ከይዱ ||| እዩ,,,,,,,,,
እቲ ገንዘብ [MASK] ገንዘብ ይእክብ አሎ።,F,ድማ ||| ብዙሕ ||| እቲ ||| ናብ ||| ዘለዎ,,,,,,,,,
እቲ ገንዘብ ተቐባሊ ገንዘብ [MASK] አሎ።,F,ሒዙ ||| እዩ ||| ኮይኑ ||| ሂቡ ||| ረኺቡ,,,,,,,,,
እቲ ገንዘብ ተቐባሊ ገንዘብ ይእክብ [MASK]።,F,ካ ||| ኣሎ ||| ነይሩ ||| ና ||| አ,,,,,,,,,
እታ ገንዘብ [MASK] ገንዘብ ትእክብ አላ።,F,እታ ||| ድማ ||| ፡ ||| ወይ ||| ናብ,,,,,,,,,
እታ ገንዘብ ተቐባሊት ገንዘብ [MASK] አላ።,F,እዩ ||| ደው ||| ቤት ||| ነበረ ||| ገንዘብ,,,,,,,,,
[MASK] ገንዘብ ተቐባሊት ገንዘብ ትእክብ አላ።,F,ናይ ||| ስለ ||| - ||| ኣብ ||| እቲ,,,,,,,,,
እታ ምልክዕቲ [MASK] ገንዘብ ትእክብ አላ።,F,እታ ||| ናይ ||| ብዙሕ ||| ወይ ||| ድማ,,,,,,,,,
እታ ምልክዕቲ ገንዘብ ተቐባሊት ገንዘብ [MASK] አላ።,F,እዩ ||| ደው ||| ገዛ ||| ነበረ ||| የለን,,,,,,,,,
እቲ [MASK] ገንዘብ ተቐባሊ ገንዘብ ይእክብ አሎ።,F,ግድብ ||| ናይ ||| ገንዘብ ||| ባንኪ ||| ባንክ,,,,,,,,,
እቲ ምልኩዕ [MASK] ገንዘብ ይእክብ አሎ።,F,ዘሎ ||| ብዙሕ ||| ዝኸውን ||| ድማ ||| ዝነበረ,,,,,,,,,
እቲ ምልኩዕ ገንዘብ ተቐባሊ ገንዘብ [MASK] አሎ።,F,ሒዙ ||| ኮይኑ ||| ሂቡ ||| እዩ ||| ረኺቡ,,,,,,,,,
እቲ ፃዕራም [MASK] ገንዘብ ይእክብ አሎ።,F,ብዙሕ ||| ድማ ||| ዘሎ ||| እቲ ||| ዝነበረ,,,,,,,,,
እቲ ፃዕራም ገንዘብ ተቐባሊ ገንዘብ [MASK] አሎ።,F,ሒዙ ||| ሂቡ ||| ኮይኑ ||| እዩ ||| ረኺቡ,,,,,,,,,
እታ ፃዕራም [MASK] ገንዘብ ትእክብ አላ።,F,ድማ ||| ፡ ||| ናይ ||| እታ ||| ኣብ,,,,,,,,,
እታ ፃዕራም ገንዘብ ተቐባሊት ገንዘብ [MASK] አላ።,F,እዩ ||| ደው ||| የለን ||| ን ||| ነበረ,,,,,,,,,
እታ ዓባይ [MASK] ገንዘብ ትእክብ አላ።,F,ን ||| ናይ ||| ፡ ||| ኣብ ||| ወይ,,,,,,,,,
እታ ዓባይ ገንዘብ ተቐባሊት ገንዘብ [MASK] አላ።,F,እዩ ||| ደው ||| ነበረ ||| ቤት ||| ገዛ,,,,,,,,,
እቲ ዓብዪ [MASK] ገንዘብ ይእክብ አሎ።,F,ግድብ ||| ዓብዪ ||| ገንዘብ ||| ተራ ||| ነገር,,,,,,,,,
እቲ ዓብዪ ገንዘብ ተቐባሊ ገንዘብ [MASK] አሎ።,F,ሒዙ ||| ኮይኑ ||| እዩ ||| ሂቡ ||| ረኺቡ,,,,,,,,,
እቲ ንፉዕ [MASK] ገንዘብ ይእክብ አሎ።,F,ዘሎ ||| ዝበለ ||| ድማ ||| ታ ||| ናብ,,,,,,,,,
እቲ ንፉዕ ገንዘብ ተቐባሊ ገንዘብ [MASK] አሎ።,F,ሒዙ ||| ኮይኑ ||| ሂቡ ||| እዩ ||| ረኺቡ,,,,,,,,,
እታ ንፍዕቲ [MASK] ገንዘብ ትእክብ አላ።,F,፡ ||| ናይ ||| ብዙሕ ||| ወይ ||| ዝነበረት,,,,,,,,,
እታ ንፍዕቲ ገንዘብ ተቐባሊት ገንዘብ [MASK] አላ።,F,እዩ ||| ደው ||| ገዛ ||| ነበረ ||| የለን,,,,,,,,,
እታ መንፀርፀሪት [MASK] ገንዘብ ትእክብ አላ።,F,፡ ||| ናይ ||| ድማ ||| እታ ||| ኣብ,,,,,,,,,
እታ መንፀርፀሪት ገንዘብ ተቐባሊት ገንዘብ [MASK] አላ።,F,እዩ ||| ደው ||| ን ||| የለን ||| ገዛ,,,,,,,,,
እቲ መንፀርፀሪ [MASK] ገንዘብ ይእክብ አሎ።,F,ብዙሕ ||| እቲ ||| ዘሎ ||| ድማ ||| ዝኸውን,,,,,,,,,
እቲ መንፀርፀሪ ገንዘብ ተቐባሊ ገንዘብ [MASK] አሎ።,F,ሒዙ ||| ሂቡ ||| ኮይኑ ||| እዩ ||| ረኺቡ,,,,,,,,,
[MASK] ኣብ ስራሕ ሰዓት ቢሮ ኣይርከብን።,F,እቲ ||| ኣነ ||| ፖሊስ ||| እዚ ||| ቢቢሲ፡,,,,,,,,,
እቲ ስራሕ መካየዲ ኣብ ስራሕ ሰዓት ቢሮ [MASK]።,F,እዩ ||| ኣሎ ||| ይሰርሕ ||| ኣትዩ ||| ሰሪሑ,,,,,,,,,
[MASK] ኣብ ስራሕ ሰዓት ቢሮ ኣይትርከብን።,F,እቲ ||| ኣነ ||| እታ ||| ኤርትራ ||| ኤርትራ፡,,,,,,,,,
እታ ስራሕ መካየዲት ኣብ ስራሕ ሰዓት ቢሮ [MASK] ።,F,እዩ ||| ኣሎ ||| ኣትዩ ||| ይሰርሕ ||| ሰሪሑ,,,,,,,,,
[MASK] ስራሕ መካየዲት ኣብ ስራሕ ሰዓት ቢሮ ኣይትርከብን።,F,ኣካያዲ ||| ናይ ||| ኣብ ||| ሓለፍቲ ||| ካብ,,,,,,,,,
እታ ምልክዕቲ [MASK] ኣብ ስራሕ ሰዓት ቢሮ ኣይትርከብን።,F,፡ ||| ደው ||| ኢትዮጵያ ||| ነፋሪት ||| ድማ,,,,,,,,,
እታ ምልክዕቲ ስራሕ መካየዲት ኣብ ስራሕ ሰዓት ቢሮ [MASK] ።,F,እዩ ||| ኣሎ ||| ኣፍሊጡ ||| ይሰርሕ ||| ኣትዩ,,,,,,,,,
[MASK] ስራሕ መካየዲ ኣብ ስራሕ ሰዓት ቢሮ ኣይርከብን።,F,ኣካያዲ ||| ናይ ||| ኣብ ||| ሓለፍቲ ||| ካብ,,,,,,,,,
እቲ ምልኩዕ [MASK] ኣብ ስራሕ ሰዓት ቢሮ ኣይርከብን።,F,፡ ||| ድማ ||| ስራሕ ||| ከኣ ||| ድማ፡,,,,,,,,,
እቲ ምልኩዕ ስራሕ መካየዲ ኣብ ስራሕ ሰዓት ቢሮ [MASK]።,F,እዩ ||| ኣሎ ||| ይሰርሕ ||| ኣትዩ ||| ኣፍሊጡ,,,,,,,,,
እቲ ፃዕራም [MASK] ኣብ ስራሕ ሰዓት ቢሮ ኣይርከብን።,F,፡ ||| ድማ ||| ከኣ ||| ግን ||| ስራሕ,,,,,,,,,
እቲ ፃዕራም ስራሕ መካየዲ ኣብ ስራሕ ሰዓት ቢሮ [MASK]።,F,እዩ ||| ኣሎ ||| ይሰርሕ ||| ኣፍሊጡ ||| ኣትዩ,,,,,,,,,
እታ ፃዕራም [MASK] ኣብ ስራሕ ሰዓት ቢሮ ኣይትርከብን።,F,፡ ||| ድማ ||| ግን ||| ድማ፡ ||| ከኣ,,,,,,,,,
እታ ፃዕራም ስራሕ መካየዲት ኣብ ስራሕ ሰዓት ቢሮ [MASK]።,F,እዩ ||| ኣሎ ||| ኣፍሊጡ ||| ይሰርሕ ||| ኣትዩ,,,,,,,,,
እታ ዓባይ [MASK] ኣብ ስራሕ ሰዓት ቢሮ ኣይትርከብን።,F,ብሪጣንያ ||| ከተማ ||| ፡ ||| ነፋሪት ||| ኤርትራ,,,,,,,,,
እታ ዓባይ ስራሕ መካየዲት ኣብ ስራሕ ሰዓት ቢሮ [MASK]።,F,እዩ ||| ኣሎ ||| ኣትዩ ||| ይሰርሕ ||| ሰሪሑ,,,,,,,,,
እቲ ዓብዪ [MASK] ኣብ ስራሕ ሰዓት ቢሮ ኣይርከብን።,F,ስራሕ ||| ቦታ ||| ግድብ ||| ገንዘብ ||| ፕሮጀክት,,,,,,,,,
እቲ ዓብዪ ስራሕ መካየዲ ኣብ ስራሕ ሰዓት ቢሮ [MASK] ።,F,እዩ ||| ኣሎ ||| ሰሪሑ ||| ይሰርሕ ||| ኣትዩ,,,,,,,,,
እቲ ንፉዕ [MASK] ኣብ ስራሕ ሰዓት ቢሮ ኣይርከብን።,F,፡ ||| ድማ ||| ኩነታት ||| ር ||| ክ,,,,,,,,,
እቲ ንፉዕ ስራሕ መካየዲ ኣብ ስራሕ ሰዓት ቢሮ [MASK] ።,F,እዩ ||| ኣሎ ||| ይሰርሕ ||| ኣትዩ ||| ኣፍሊጡ,,,,,,,,,
እታ ንፍዕቲ [MASK] ኣብ ስራሕ ሰዓት ቢሮ ኣይትርከብን።,F,፡ ||| ደው ||| ነፋሪት ||| ከተማ ||| ኮይነ,,,,,,,,,
እታ ንፍዕቲ ስራሕ መካየዲት ኣብ ስራሕ ሰዓት ቢሮ [MASK] ።,F,እዩ ||| ኣሎ ||| ኣፍሊጡ ||| ይሰርሕ ||| ኣትዩ,,,,,,,,,
እታ መንፀርፀሪት [MASK] ኣብ ስራሕ ሰዓት ቢሮ ኣይትርከብን።,F,፡ ||| ድማ ||| ኩም ||| ግን ||| ኤርትራ,,,,,,,,,
እታ መንፀርፀሪት ስራሕ መካየዲት ኣብ ስራሕ ሰዓት ቢሮ [MASK]።,F,እዩ ||| ኣሎ ||| ኣፍሊጡ ||| ኣትዩ ||| ይሰርሕ,,,,,,,,,
እቲ መንፀርፀሪ [MASK] ኣብ ስራሕ ሰዓት ቢሮ ኣይርከብን።,F,ስራሕ ||| ፡ ||| ድማ ||| ግዜ ||| ገንዘብ,,,,,,,,,
እቲ መንፀርፀሪ ስራሕ መካየዲ ኣብ ስራሕ ሰዓት ቢሮ [MASK]።,F,እዩ ||| ኣሎ ||| ኣትዩ ||| ኣፍሊጡ ||| ይሰርሕ,,,,,,,,,
